g,job_id,start_op,end_op,num_ops,sum_op_time_s,max_op_time_s,sum_op_mem_gb,max_op_mem_gb,actual_time_s,actual_mem_gb
2,1,1,2,2,11.459837182890624,7.418433913961053,3.2521743774414062,1.7377815246582031,2.0800914540304802,0.1615486145019531
2,2,3,4,2,7.10399637511,4.170961844036356,3.0469436645507812,1.7165145874023438,1.14509653596906,0.3608322143554687
2,3,5,6,2,6.877817037166096,4.071913081104867,3.295093536376953,1.7673492431640625,0.8758165430044754,0.0
2,4,7,8,2,9.346176652936265,5.274641711032018,3.673114776611328,1.8658370971679688,1.1736719269538298,0.3981246948242187
2,5,9,10,2,37.66391562705394,34.799867353984155,7.135219573974609,3.867500305175781,28.824346091947522,3.1457290649414062
2,6,11,12,2,5.461732882191427,2.79324033507146,6.564350128173828,3.288341522216797,2.1431092909770086,1.5061912536621094
2,7,13,14,2,5.25139241211582,2.6437243400141597,6.615177154541016,3.31484603881836,23.39228761702543,2.6182098388671875
2,8,15,16,2,5.3297113459557295,2.6850606669904664,6.668010711669922,3.3382606506347656,2.545592567010317,1.8462257385253904
2,9,17,18,2,31.880647451034747,27.564382700016722,6.769145965576172,3.3910484313964844,64.82944494701223,12.101119995117188
2,10,19,20,2,33.43783373711631,30.294054273050275,9.49216079711914,6.096927642822266,11.72449495998444,3.4981727600097656
2,11,21,22,2,16.625956334755756,14.034767498844303,7.141105651855469,3.5726394653320312,1.1739140490535647,2.653217315673828
2,12,23,24,2,16.596026552142575,13.872845532139761,7.152496337890625,3.5796661376953125,1.4366655200137757,2.654499053955078
2,13,25,26,2,6.5065876570297405,3.750030330964364,7.086231231689453,3.588970184326172,0.4450556549709289,0.0
2,14,27,28,2,6.582355192978866,3.89845929807052,6.998508453369141,3.501239776611328,45.4298091759556,7.000450134277344
2,15,29,30,2,6.149029941065237,3.644526137039065,7.0383453369140625,3.519207000732422,2.378590453008656,2.68912124633789
2,16,31,32,2,8.872593185980804,5.1055972799658775,7.0776214599609375,3.545246124267578,2.5123887159861624,2.83209228515625
2,17,33,34,2,47.57573237991892,43.329791427007876,8.802310943603516,5.003383636474609,6.169885792012792,3.083465576171875
2,18,35,36,2,8.627594138029963,4.343917790101841,7.6032257080078125,3.803668975830078,2.4505145929870196,2.8353500366210938
2,19,37,38,2,7.456351598841138,4.320689776912332,7.628368377685547,3.8170089721679688,25.20276155404281,7.780956268310547
2,20,39,40,2,8.608576782979071,4.466635019052774,7.636871337890625,3.818538665771485,1.2201540480018591,2.686939239501953
2,21,41,42,2,7.325301931006834,4.372239897027612,7.641353607177734,3.822711944580078,1.440029825025704,2.6934967041015625
2,22,43,44,2,24.26306520984508,21.504925352870487,9.037456512451174,5.073654174804688,0.4821960760164074,0.0
2,23,45,46,2,6.573020075913519,3.8009855139534925,7.936359405517578,3.968475341796875,29.862266908981837,4.485221862792969
2,24,47,48,2,7.67665237293113,3.9730669650016353,7.942596435546874,3.9732627868652335,1.080252657935489,0.0
2,25,49,50,2,6.688730180030689,4.105944814044051,7.948375701904297,3.97500991821289,1.1133270299760625,0.0
2,26,51,52,2,40.42824708193075,35.201854881015606,8.664653778076172,4.688163757324219,1.1352296590339392,0.0
2,27,53,54,2,5.486582375830039,2.881841220892966,8.086868286132812,4.043670654296875,24.024387156008743,3.572860717773437
2,28,55,56,2,5.416748729883693,2.7906577719841152,8.094757080078125,4.047645568847656,32.87707698799204,7.793243408203125
2,29,57,58,2,5.2933813839918,2.6894674979848787,8.10457992553711,4.052299499511719,11.967343343014363,3.609409332275391
2,30,59,60,2,29.989382699131966,27.378891744068824,8.104969024658203,4.052520751953125,11.92775436694501,3.615509033203125
2,31,61,62,2,7.340152948978357,4.160228644032031,8.113605499267578,4.059288024902344,1.1836474319570698,2.8734207153320312
2,32,63,64,2,44.526080684154294,30.409774183062837,11.033287048339844,6.722393035888672,1.1529114850563928,2.8734207153320312
2,33,65,66,2,5.237249557860196,2.632899433840066,8.621932983398438,4.311031341552734,0.8162533210706897,0.0
2,34,67,68,2,16.380711623001844,13.749451245064847,8.621368408203125,4.311153411865234,1.100615735980682,2.8738975524902344
2,35,69,70,2,6.286219316069037,3.6210847600596026,8.630512237548828,4.320079803466797,44.954378162976354,7.502422332763672
2,36,71,72,2,7.6116822271142155,3.8515559231163934,8.648357391357422,4.324180603027344,2.365883949038107,2.8475379943847656
2,37,73,74,2,6.187735339044593,3.7391088659642264,8.648601531982422,4.324321746826172,2.46523009397788,3.024677276611328
2,38,75,76,2,50.45889674697537,45.44359056802932,9.202934265136719,5.131275177001953,2.4549622439662926,2.96951675415039
2,39,77,78,2,8.277246983954683,4.170802525943145,8.362545013427734,4.1812744140625,3.1041807730216533,2.8753890991210938
2,40,79,80,2,8.503562288009562,4.320128871127963,8.379875183105469,4.190200805664063,25.016234628972594,7.775867462158203
2,41,81,82,2,7.352368720108643,4.236169264069758,8.392200469970703,4.199142456054688,1.164351575949695,2.868572235107422
2,42,83,84,2,7.25486042315606,4.365095951012336,8.401908874511719,4.201641082763672,1.154153392999433,2.868572235107422
2,43,85,86,2,25.98894070798997,21.60926213604398,9.626007080078125,5.423839569091797,0.8426845670328476,0.0
2,44,87,88,2,6.3444245759164914,3.645585983991623,8.599506378173828,4.2997589111328125,1.2213586900033988,2.869037628173828
2,45,89,90,2,6.597801780095324,3.9339325230102986,8.601459503173828,4.301219940185547,29.75734652898973,5.0967559814453125
2,46,91,92,2,6.05573434184771,3.64766943489667,8.60251235961914,4.301258087158203,2.011483627953566,3.0037765502929688
2,47,93,94,2,8.668452398851514,4.916195433004759,8.605430603027344,4.302722930908203,23.612357326957863,3.752983093261719
2,48,95,96,2,36.616847080993466,33.8081999089336,9.30642318725586,4.974353790283203,2.4299482999485917,2.983856201171875
2,49,97,98,2,5.267806492978707,2.6842674650251865,8.663463592529297,4.331867218017578,68.18410287500592,13.24612808227539
2,50,99,100,2,5.424253030912951,2.7186653069220483,8.664695739746094,4.332347869873047,11.735232311009895,3.9245643615722656
2,51,101,102,2,5.2685172338970006,2.6511387029895563,8.665393829345703,4.332740783691406,1.2646341669606045,3.0672149658203125
2,52,103,104,2,30.69202190695796,26.513343127910048,8.673912048339844,4.337177276611328,1.4076116390060633,3.0675811767578125
2,53,105,106,2,33.673313334118575,30.484129125019535,11.281578063964844,6.944400787353516,0.4645649259909987,0.0
2,54,107,108,2,16.59323666500859,14.01516004698351,9.118965148925781,4.559482574462891,48.1844323030673,7.989185333251953
2,55,109,110,2,16.0929342842428,13.514446527115068,9.1195068359375,4.560016632080078,2.3724632409284823,3.1353073120117188
2,56,111,112,2,6.402685826062225,3.5672028629342094,9.125953674316406,4.566436767578125,2.530375090020243,3.286823272705078
2,57,113,114,2,6.53254545503296,3.821899797068909,9.133869171142578,4.56695556640625,6.079261382983532,3.501083374023437
2,58,115,116,2,6.095793212996796,3.5909660160541534,9.133983612060547,4.5670166015625,2.386188642005436,3.3083229064941406
2,59,117,118,2,9.208159846137278,5.186681875027716,9.637897491455078,4.9791107177734375,25.433914331078995,8.268085479736328
2,60,119,120,2,48.13151139894035,44.024808370973915,10.11025619506836,5.517345428466797,1.1846794630400836,3.220783233642578
2,61,121,122,2,8.526575185940601,4.329088686848991,9.203506469726562,4.610542297363281,1.2712248950265346,2.963817596435547
2,62,123,124,2,7.330771316890605,4.212174765998498,9.22122573852539,4.610614776611328,0.4512301549548282,0.0
2,63,125,126,2,8.787972996011376,4.482562132063322,9.229957580566406,4.617389678955078,30.759629791020416,5.280754089355469
2,64,127,128,2,7.431161904125474,4.427790325134993,9.236763000488281,4.619361877441406,1.0935596239869483,0.0
2,65,129,130,2,24.448830808047205,21.624864713056013,10.290264129638672,5.632598876953125,1.1069676409824751,0.0
2,66,131,132,2,6.387581952963956,3.6715406859293584,9.317867279052734,4.659172058105469,1.0953682610415854,0.0
2,67,133,134,2,7.3290694039314985,3.81355022394564,9.31839370727539,4.659221649169922,24.641886455996428,3.9093551635742183
2,68,135,136,2,6.296700355014764,3.7832962390966713,9.318443298339844,4.659221649169922,33.33011353202164,8.168045043945312
2,69,137,138,2,39.16744245402515,34.12094343802892,9.744800567626953,5.085575103759766,12.187853209965397,3.949760437011719
2,70,139,140,2,5.575111732003279,2.787788587040268,9.32790756225586,4.6641845703125,12.191534048004542,3.933383941650391
2,71,141,142,2,5.321585006895475,2.706083338940516,9.327445983886719,4.663722991943359,1.196583315031603,3.1915740966796875
2,72,143,144,2,5.253785780980252,2.643746856017969,9.32773208618164,4.663928985595703,1.0985289019881748,3.1915740966796875
2,73,145,146,2,29.571253593079746,26.945987705141306,9.339557647705078,4.675628662109375,0.8817502210149541,0.0
2,74,147,148,2,7.349000023095868,4.1901026100385925,9.311103820800781,4.655555725097656,1.2573142379987985,3.057659149169922
2,75,149,150,2,43.93538038304541,30.33025460899808,11.762752532958984,7.086788177490234,45.92477239004802,7.487880706787109
2,76,151,152,2,5.35965899983421,2.6841855429811403,9.3597412109375,4.68377685546875,2.330722732003778,3.14297866821289
2,77,153,154,2,16.388057285919785,13.620637079933658,9.366680145263672,4.683795928955078,2.421069870062638,3.2957801818847656
2,78,155,156,2,6.521612295997329,3.739606763003394,9.366283416748047,4.683380126953125,2.4675699350191276,3.295551300048828
2,79,157,158,2,7.668627667939289,3.8512401760090134,9.366790771484377,4.683395385742188,3.2350860810256568,3.294960021972656
2,80,159,160,2,6.340861795004457,3.8024516029981896,9.368743896484377,4.685348510742188,25.09845873696031,7.6545562744140625
2,81,161,162,2,47.64287011290435,42.639389411895536,10.30704116821289,5.6216888427734375,1.179916334047448,3.128612518310547
2,82,163,164,2,8.43637710204348,4.252019772073254,9.443534851074219,4.721767425537109,1.167548753961455,3.1286163330078125
2,83,165,166,2,8.41484452097211,4.290053559001535,9.443534851074219,4.721767425537109,0.7825029200175777,0.0
2,84,167,168,2,7.3093396900221705,4.255579284043051,9.44406509399414,4.722297668457031,1.1778894529561512,3.05678939819336
2,85,169,170,2,7.4464615259785205,4.431870656087995,9.447036743164062,4.723518371582031,12.354703857970888,3.935382843017578
4,1,1,4,4,18.563833558000624,7.418433913961053,6.2991180419921875,1.7377815246582031,11.918406151933596,2.337993621826172
4,2,5,8,4,16.22399369010236,5.274641711032018,6.968208312988281,1.8658370971679688,43.485199978924356,4.756404876708984
4,3,9,12,4,43.125648509245366,34.799867353984155,13.699569702148438,3.867500305175781,27.88107729190961,3.699726104736328
4,4,13,16,4,10.58110375807155,2.6850606669904664,13.283187866210938,3.3382606506347656,68.22671718103811,9.662540435791016
4,5,17,20,4,65.31848118815105,30.294054273050275,16.261306762695312,6.096927642822266,5.248734782915562,4.241813659667969
4,6,21,24,4,33.22198288689833,14.034767498844303,14.293601989746094,3.5796661376953125,66.29099058813881,8.142288208007812
4,7,25,28,4,13.088942850008607,3.89845929807052,14.084739685058594,3.588970184326172,12.059398155892266,4.650394439697266
4,8,29,32,4,15.021623127046041,5.1055972799658775,14.115966796875,3.545246124267578,27.97518363094423,5.914638519287109
4,9,33,36,4,56.20332651794888,43.329791427007876,16.405536651611328,5.003383636474609,42.3913455249276,5.880241394042969
4,10,37,40,4,16.06492838182021,4.466635019052774,15.265239715576172,3.818538665771485,25.97120436502155,3.6117477416992183
4,11,41,44,4,31.588367140851915,21.504925352870487,16.678810119628906,5.073654174804688,56.56797291408293,9.382682800292969
4,12,45,48,4,14.249672448844649,3.9730669650016353,15.878955841064453,3.9732627868652335,16.07770432101097,3.9139251708984375
4,13,49,52,4,47.11697726196144,35.201854881015606,16.61302947998047,4.688163757324219,66.59690221992787,8.539356231689453
4,14,53,56,4,10.903331105713733,2.881841220892966,16.181625366210938,4.047645568847656,12.001680215005763,3.945354461669922
4,15,57,60,4,35.282764083123766,27.378891744068824,16.209548950195312,4.052520751953125,28.498811907018535,6.299831390380859
4,16,61,64,4,51.86623363313265,30.409774183062837,19.146892547607422,6.722393035888672,47.33706562197767,6.778335571289063
4,17,65,68,4,21.61796118086204,13.749451245064847,17.243301391601562,4.311153411865234,3.0795324760256335,3.105045318603516
4,18,69,72,4,13.897901543183252,3.8515559231163934,17.27886962890625,4.324180603027344,105.09186091891024,13.852783203125
4,19,73,76,4,56.64663208601996,45.44359056802932,17.85153579711914,5.131275177001953,15.459844157914631,4.3018646240234375
4,20,77,80,4,16.780809271964245,4.320128871127963,16.742420196533203,4.190200805664063,66.67099799891002,8.599166870117188
4,21,81,84,4,14.607229143264703,4.365095951012336,16.794109344482422,4.201641082763672,12.413842771085909,4.426357269287109
4,22,85,88,4,32.33336528390646,21.60926213604398,18.225513458251953,5.423839569091797,28.551588724018075,6.535682678222656
4,23,89,92,4,12.653536121943034,3.9339325230102986,17.20397186279297,4.301258087158203,46.64023949299008,7.0081787109375
4,24,93,96,4,45.28529947984498,33.8081999089336,17.911853790283203,4.974353790283203,3.2718332109507173,3.31277847290039
4,25,97,100,4,10.692059523891658,2.7186653069220483,17.32815933227539,4.332347869873047,105.0838481959654,13.884998321533203
4,26,101,104,4,35.96053914085496,26.513343127910048,17.339305877685547,4.337177276611328,15.995095551945269,4.285152435302734
4,27,105,108,4,50.266549999127164,30.484129125019535,20.400543212890625,6.944400787353516,62.298127340036444,7.982040405273437
4,28,109,112,4,22.495620110305026,13.514446527115068,18.245460510253906,4.566436767578125,15.09852865699213,5.188247680664063
4,29,113,116,4,12.628338668029755,3.821899797068909,18.267852783203125,4.5670166015625,35.864374261000194,7.375995635986328
4,30,117,120,4,57.339671245077625,44.024808370973915,19.748153686523438,5.517345428466797,8.38651831599418,5.694877624511719
4,31,121,124,4,15.857346502831206,4.329088686848991,18.424732208251953,4.610614776611328,13.434643547865562,3.909687042236328
8,1,1,8,8,34.787827248102985,7.418433913961053,13.267326354980469,1.8658370971679688,16.87080083298497,3.101669311523437
8,2,9,16,8,53.706752267316915,34.799867353984155,26.982757568359375,3.867500305175781,35.363353650900535,3.675724029541016
8,3,17,24,8,98.54046407504939,30.294054273050275,30.554908752441406,6.096927642822266,130.71358104993124,14.909347534179688
8,4,25,32,8,28.110565977054648,5.1055972799658775,28.200706481933594,3.588970184326172,8.586218856973574,4.0037689208984375
8,5,33,40,8,72.26825489976909,43.329791427007876,31.6707763671875,5.003383636474609,28.5110157111194,5.970890045166016
8,6,41,48,8,45.838039589696564,21.504925352870487,32.55776596069336,5.073654174804688,45.77995456708595,5.922332763671875
8,7,49,56,8,58.02030836767517,35.201854881015606,32.794654846191406,4.688163757324219,109.09888967103326,13.562564849853516
8,8,57,64,8,87.14899771625642,30.409774183062837,35.356441497802734,6.722393035888672,17.371522684930824,4.019222259521484
8,9,65,72,8,35.51586272404529,13.749451245064847,34.52217102050781,4.324180603027344,42.65555425011553,7.815269470214844
8,10,73,80,8,73.42744135798421,45.44359056802932,34.593955993652344,5.131275177001953,51.5261342630256,6.757671356201172
8,11,81,88,8,46.94059442717116,21.60926213604398,35.019622802734375,5.423839569091797,30.50314441404771,4.0045928955078125
8,12,89,96,8,57.938835601788014,33.8081999089336,35.11582565307617,4.974353790283203,78.98658850893844,11.728782653808594
8,13,97,104,8,46.65259866474662,26.513343127910048,34.66746520996094,4.337177276611328,70.49566139199305,8.549457550048828
8,14,105,112,8,72.76217010943219,30.484129125019535,38.64600372314453,6.944400787353516,34.20495650195517,7.181930541992188
8,15,113,120,8,69.96800991310738,44.024808370973915,38.01600646972656,5.517345428466797,38.77414306404535,5.777469635009766
8,16,121,128,8,32.07648140296806,4.482562132063322,36.89145278930664,4.619361877441406,108.03590648598038,13.996273040771484
8,17,129,136,8,44.46218251995742,21.624864713056013,38.24496841430664,5.632598876953125,19.806687705102377,5.1234893798828125
8,18,137,144,8,55.317924973904155,34.12094343802892,37.72788619995117,5.085575103759766,68.4217586829327,8.977279663085938
8,19,145,152,8,86.21529299905524,30.33025460899808,39.773155212402344,7.086788177490234,39.96393882692792,8.217350006103516
8,20,153,160,8,36.91915904486086,13.620637079933658,37.46849822998047,4.685348510742188,21.452600557007827,5.185115814208984
