model,raw_model,group_size,job_label,job_time_s,proof_time_s,witness_time_s,memory_gb,report_path
MobileNetV2,mobilenet_v2,1,mobilenet_v2_sub_model_1,399.6742219422013,397.8362475316972,1.8379744105041027,23.711090087890625,/home/pw/projects/zkinfer/results/no-cache/1_worker/group-size-1/mobilenet_v2/reports/job_report.csv
MobileNetV2,mobilenet_v2,1,mobilenet_v2_sub_model_2,22.550449412316087,20.08411526307464,2.4663341492414474,5.707603454589844,/home/pw/projects/zkinfer/results/no-cache/1_worker/group-size-1/mobilenet_v2/reports/job_report.csv
MobileNetV2,mobilenet_v2,1,mobilenet_v2_sub_model_3,190.91123869083822,189.13064079731703,1.7805978935211897,13.23564910888672,/home/pw/projects/zkinfer/results/no-cache/1_worker/group-size-1/mobilenet_v2/reports/job_report.csv
MobileNetV2,mobilenet_v2,1,mobilenet_v2_sub_model_4,24.92358773946762,22.44920170865953,2.474386030808091,6.213420867919922,/home/pw/projects/zkinfer/results/no-cache/1_worker/group-size-1/mobilenet_v2/reports/job_report.csv
MobileNetV2,mobilenet_v2,1,mobilenet_v2_sub_model_5,145.11151876859367,143.770085984841,1.3414327837526798,7.729244232177734,/home/pw/projects/zkinfer/results/no-cache/1_worker/group-size-1/mobilenet_v2/reports/job_report.csv
MobileNetV2,mobilenet_v2,1,mobilenet_v2_sub_model_8,149.25399302318692,146.1498398333788,3.1041531898081303,15.285148620605469,/home/pw/projects/zkinfer/results/no-cache/1_worker/group-size-1/mobilenet_v2/reports/job_report.csv
MobileNetV2,mobilenet_v2,1,mobilenet_v2_sub_model_9,21.52093225158751,19.619960945099592,1.900971306487918,12.665264129638672,/home/pw/projects/zkinfer/results/no-cache/1_worker/group-size-1/mobilenet_v2/reports/job_report.csv
MobileNetV2,mobilenet_v2,1,mobilenet_v2_sub_model_10,123.88001999072729,122.94375078752635,0.9362692032009364,13.934524536132812,/home/pw/projects/zkinfer/results/no-cache/1_worker/group-size-1/mobilenet_v2/reports/job_report.csv
MobileNetV2,mobilenet_v2,1,mobilenet_v2_sub_model_11,454.98756063356996,452.89445282518864,2.093107808381319,25.070873260498047,/home/pw/projects/zkinfer/results/no-cache/1_worker/group-size-1/mobilenet_v2/reports/job_report.csv
MobileNetV2,mobilenet_v2,1,mobilenet_v2_sub_model_12,41.64965530112386,38.09611791372299,3.5535373874008656,10.672889709472656,/home/pw/projects/zkinfer/results/no-cache/1_worker/group-size-1/mobilenet_v2/reports/job_report.csv
MobileNetV2,mobilenet_v2,1,mobilenet_v2_sub_model_13,305.81221107766027,303.0048750545829,2.8073360230773687,26.27075958251953,/home/pw/projects/zkinfer/results/no-cache/1_worker/group-size-1/mobilenet_v2/reports/job_report.csv
MobileNetV2,mobilenet_v2,1,mobilenet_v2_sub_model_14,42.69314934313297,39.06440407037735,3.628745272755623,10.637760162353516,/home/pw/projects/zkinfer/results/no-cache/1_worker/group-size-1/mobilenet_v2/reports/job_report.csv
MobileNetV2,mobilenet_v2,1,mobilenet_v2_sub_model_15,168.22418362647298,166.75048878230157,1.4736948441714048,24.56547164916992,/home/pw/projects/zkinfer/results/no-cache/1_worker/group-size-1/mobilenet_v2/reports/job_report.csv
MobileNetV2,mobilenet_v2,1,mobilenet_v2_sub_model_16,4.144616633653641,3.5812006536871195,0.5634159799665213,8.316020965576172,/home/pw/projects/zkinfer/results/no-cache/1_worker/group-size-1/mobilenet_v2/reports/job_report.csv
MobileNetV2,mobilenet_v2,1,mobilenet_v2_sub_model_17,447.1619139481336,445.1318360995501,2.03007784858346,24.4470329284668,/home/pw/projects/zkinfer/results/no-cache/1_worker/group-size-1/mobilenet_v2/reports/job_report.csv
MobileNetV2,mobilenet_v2,1,mobilenet_v2_sub_model_18,42.304214453324676,38.720691826194525,3.583522627130151,10.699748992919922,/home/pw/projects/zkinfer/results/no-cache/1_worker/group-size-1/mobilenet_v2/reports/job_report.csv
MobileNetV2,mobilenet_v2,1,mobilenet_v2_sub_model_19,76.45181535370648,74.86605418287218,1.585761170834303,9.357837677001951,/home/pw/projects/zkinfer/results/no-cache/1_worker/group-size-1/mobilenet_v2/reports/job_report.csv
MobileNetV2,mobilenet_v2,1,mobilenet_v2_sub_model_20,12.180485168471932,11.193344742059708,0.9871404264122248,8.364643096923828,/home/pw/projects/zkinfer/results/no-cache/1_worker/group-size-1/mobilenet_v2/reports/job_report.csv
MobileNetV2,mobilenet_v2,1,mobilenet_v2_sub_model_21,39.10766655392945,38.6672749761492,0.4403915777802467,9.291252136230469,/home/pw/projects/zkinfer/results/no-cache/1_worker/group-size-1/mobilenet_v2/reports/job_report.csv
MobileNetV2,mobilenet_v2,1,mobilenet_v2_sub_model_22,109.41017912514508,108.87258566729724,0.5375934578478336,9.32172393798828,/home/pw/projects/zkinfer/results/no-cache/1_worker/group-size-1/mobilenet_v2/reports/job_report.csv
MobileNetV2,mobilenet_v2,1,mobilenet_v2_sub_model_23,11.727696301415563,10.75330620072782,0.9743901006877422,8.414810180664062,/home/pw/projects/zkinfer/results/no-cache/1_worker/group-size-1/mobilenet_v2/reports/job_report.csv
MobileNetV2,mobilenet_v2,1,mobilenet_v2_sub_model_24,74.75987492315471,74.02234731987119,0.7375276032835245,9.93880844116211,/home/pw/projects/zkinfer/results/no-cache/1_worker/group-size-1/mobilenet_v2/reports/job_report.csv
MobileNetV2,mobilenet_v2,1,mobilenet_v2_sub_model_25,11.98024346679449,11.01059483550489,0.9696486312896012,8.413806915283203,/home/pw/projects/zkinfer/results/no-cache/1_worker/group-size-1/mobilenet_v2/reports/job_report.csv
MobileNetV2,mobilenet_v2,1,mobilenet_v2_sub_model_26,39.46071615628898,39.04073538631201,0.4199807699769735,9.332664489746094,/home/pw/projects/zkinfer/results/no-cache/1_worker/group-size-1/mobilenet_v2/reports/job_report.csv
MobileNetV2,mobilenet_v2,1,mobilenet_v2_sub_model_27,1.6645172573626041,1.5047902762889862,0.1597269810736179,8.44644546508789,/home/pw/projects/zkinfer/results/no-cache/1_worker/group-size-1/mobilenet_v2/reports/job_report.csv
MobileNetV2,mobilenet_v2,1,mobilenet_v2_sub_model_28,106.53107063286006,106.0569659192115,0.4741047136485576,9.353240966796877,/home/pw/projects/zkinfer/results/no-cache/1_worker/group-size-1/mobilenet_v2/reports/job_report.csv
MobileNetV2,mobilenet_v2,1,mobilenet_v2_sub_model_29,12.067036664113402,11.092359367758036,0.9746772963553668,8.526142120361328,/home/pw/projects/zkinfer/results/no-cache/1_worker/group-size-1/mobilenet_v2/reports/job_report.csv
MobileNetV2,mobilenet_v2,1,mobilenet_v2_sub_model_30,74.30287135019898,73.5702051371336,0.7326662130653858,9.4967041015625,/home/pw/projects/zkinfer/results/no-cache/1_worker/group-size-1/mobilenet_v2/reports/job_report.csv
MobileNetV2,mobilenet_v2,1,mobilenet_v2_sub_model_31,12.206650098785756,11.228592075407503,0.978058023378253,8.519126892089844,/home/pw/projects/zkinfer/results/no-cache/1_worker/group-size-1/mobilenet_v2/reports/job_report.csv
MobileNetV2,mobilenet_v2,1,mobilenet_v2_sub_model_32,40.07707108184695,39.660011168569326,0.417059913277626,9.375473022460938,/home/pw/projects/zkinfer/results/no-cache/1_worker/group-size-1/mobilenet_v2/reports/job_report.csv
MobileNetV2,mobilenet_v2,1,mobilenet_v2_sub_model_33,1.8975967559963465,1.7419510632753372,0.1556456927210092,8.512752532958984,/home/pw/projects/zkinfer/results/no-cache/1_worker/group-size-1/mobilenet_v2/reports/job_report.csv
MobileNetV2,mobilenet_v2,1,mobilenet_v2_sub_model_34,108.6847748439759,108.20608728937805,0.4786875545978546,9.420665740966797,/home/pw/projects/zkinfer/results/no-cache/1_worker/group-size-1/mobilenet_v2/reports/job_report.csv
MobileNetV2,mobilenet_v2,1,mobilenet_v2_sub_model_35,11.598792416974902,10.609376292675734,0.9894161242991686,8.514415740966797,/home/pw/projects/zkinfer/results/no-cache/1_worker/group-size-1/mobilenet_v2/reports/job_report.csv
MobileNetV2,mobilenet_v2,1,mobilenet_v2_sub_model_36,19.97222336754203,19.56020042859018,0.4120229389518499,8.525279998779297,/home/pw/projects/zkinfer/results/no-cache/1_worker/group-size-1/mobilenet_v2/reports/job_report.csv
MobileNetV2,mobilenet_v2,1,mobilenet_v2_sub_model_37,4.261732451617718,3.979005916044116,0.2827265355736017,8.52535629272461,/home/pw/projects/zkinfer/results/no-cache/1_worker/group-size-1/mobilenet_v2/reports/job_report.csv
MobileNetV2,mobilenet_v2,1,mobilenet_v2_sub_model_38,20.88679201155901,20.723294043913484,0.1634979676455259,8.965293884277344,/home/pw/projects/zkinfer/results/no-cache/1_worker/group-size-1/mobilenet_v2/reports/job_report.csv
MobileNetV2,mobilenet_v2,1,mobilenet_v2_sub_model_39,74.19649175181985,73.93394004181027,0.2625517100095749,9.490253448486328,/home/pw/projects/zkinfer/results/no-cache/1_worker/group-size-1/mobilenet_v2/reports/job_report.csv
MobileNetV2,mobilenet_v2,1,mobilenet_v2_sub_model_40,6.8250437173992395,6.301711320877075,0.5233323965221643,8.632133483886719,/home/pw/projects/zkinfer/results/no-cache/1_worker/group-size-1/mobilenet_v2/reports/job_report.csv
MobileNetV2,mobilenet_v2,1,mobilenet_v2_sub_model_41,34.46090629324317,34.101119730621576,0.3597865626215935,8.640457153320312,/home/pw/projects/zkinfer/results/no-cache/1_worker/group-size-1/mobilenet_v2/reports/job_report.csv
MobileNetV2,mobilenet_v2,1,mobilenet_v2_sub_model_42,10.824215533211827,10.30881841108203,0.5153971221297979,8.642280578613281,/home/pw/projects/zkinfer/results/no-cache/1_worker/group-size-1/mobilenet_v2/reports/job_report.csv
MobileNetV2,mobilenet_v2,1,mobilenet_v2_sub_model_43,27.8376360591501,27.585687953978777,0.2519481051713228,9.519878387451172,/home/pw/projects/zkinfer/results/no-cache/1_worker/group-size-1/mobilenet_v2/reports/job_report.csv
MobileNetV2,mobilenet_v2,1,mobilenet_v2_sub_model_44,1.2442102450877428,1.152261944487691,0.0919483006000518,8.659503936767578,/home/pw/projects/zkinfer/results/no-cache/1_worker/group-size-1/mobilenet_v2/reports/job_report.csv
MobileNetV2,mobilenet_v2,1,mobilenet_v2_sub_model_45,72.21491721644998,71.94263343885541,0.2722837775945663,9.564838409423828,/home/pw/projects/zkinfer/results/no-cache/1_worker/group-size-1/mobilenet_v2/reports/job_report.csv
MobileNetV2,mobilenet_v2,1,mobilenet_v2_sub_model_46,7.0382744036614895,6.517586622387171,0.5206877812743187,8.70449447631836,/home/pw/projects/zkinfer/results/no-cache/1_worker/group-size-1/mobilenet_v2/reports/job_report.csv
MobileNetV2,mobilenet_v2,1,mobilenet_v2_sub_model_47,34.30821064859629,33.945483231917024,0.3627274166792631,8.704212188720703,/home/pw/projects/zkinfer/results/no-cache/1_worker/group-size-1/mobilenet_v2/reports/job_report.csv
MobileNetV2,mobilenet_v2,1,mobilenet_v2_sub_model_48,6.961917651817203,6.453160837292671,0.5087568145245314,8.703693389892578,/home/pw/projects/zkinfer/results/no-cache/1_worker/group-size-1/mobilenet_v2/reports/job_report.csv
MobileNetV2,mobilenet_v2,1,mobilenet_v2_sub_model_49,27.458860386162993,27.21891728043556,0.2399431057274341,9.57904052734375,/home/pw/projects/zkinfer/results/no-cache/1_worker/group-size-1/mobilenet_v2/reports/job_report.csv
MobileNetV2,mobilenet_v2,1,mobilenet_v2_sub_model_50,1.2241227366030216,1.1263138931244612,0.0978088434785604,8.718196868896484,/home/pw/projects/zkinfer/results/no-cache/1_worker/group-size-1/mobilenet_v2/reports/job_report.csv
MobileNetV2,mobilenet_v2,1,mobilenet_v2_sub_model_51,72.21801137365401,71.91170757263899,0.3063038010150194,9.593521118164062,/home/pw/projects/zkinfer/results/no-cache/1_worker/group-size-1/mobilenet_v2/reports/job_report.csv
MobileNetV2,mobilenet_v2,1,mobilenet_v2_sub_model_52,7.055307334288955,6.529465572908521,0.525841761380434,8.718143463134766,/home/pw/projects/zkinfer/results/no-cache/1_worker/group-size-1/mobilenet_v2/reports/job_report.csv
MobileNetV2,mobilenet_v2,1,mobilenet_v2_sub_model_53,34.867368998005986,34.50346678495407,0.3639022130519151,8.733505249023438,/home/pw/projects/zkinfer/results/no-cache/1_worker/group-size-1/mobilenet_v2/reports/job_report.csv
MobileNetV2,mobilenet_v2,1,mobilenet_v2_sub_model_54,7.112963093444705,6.605149203911424,0.5078138895332813,8.73349380493164,/home/pw/projects/zkinfer/results/no-cache/1_worker/group-size-1/mobilenet_v2/reports/job_report.csv
MobileNetV2,mobilenet_v2,1,mobilenet_v2_sub_model_55,27.05958692356944,26.8220428917557,0.2375440318137407,9.641105651855469,/home/pw/projects/zkinfer/results/no-cache/1_worker/group-size-1/mobilenet_v2/reports/job_report.csv
MobileNetV2,mobilenet_v2,1,mobilenet_v2_sub_model_56,1.2002646569162607,1.1103127393871546,0.0899519175291061,8.732410430908203,/home/pw/projects/zkinfer/results/no-cache/1_worker/group-size-1/mobilenet_v2/reports/job_report.csv
MobileNetV2,mobilenet_v2,1,mobilenet_v2_sub_model_57,72.66371483542025,72.35957043990493,0.3041443955153227,9.608917236328123,/home/pw/projects/zkinfer/results/no-cache/1_worker/group-size-1/mobilenet_v2/reports/job_report.csv
MobileNetV2,mobilenet_v2,1,mobilenet_v2_sub_model_58,7.068263690918684,6.555054293945432,0.5132093969732523,8.758968353271484,/home/pw/projects/zkinfer/results/no-cache/1_worker/group-size-1/mobilenet_v2/reports/job_report.csv
MobileNetV2,mobilenet_v2,1,mobilenet_v2_sub_model_59,34.84716587327421,34.48267591185868,0.3644899614155292,8.761878967285156,/home/pw/projects/zkinfer/results/no-cache/1_worker/group-size-1/mobilenet_v2/reports/job_report.csv
MobileNetV2,mobilenet_v2,1,mobilenet_v2_sub_model_60,7.050842367112637,6.533389950171113,0.5174524169415236,8.762687683105469,/home/pw/projects/zkinfer/results/no-cache/1_worker/group-size-1/mobilenet_v2/reports/job_report.csv
MobileNetV2,mobilenet_v2,1,mobilenet_v2_sub_model_61,32.99217789247632,32.72843170724809,0.2637461852282285,9.672008514404297,/home/pw/projects/zkinfer/results/no-cache/1_worker/group-size-1/mobilenet_v2/reports/job_report.csv
MobileNetV2,mobilenet_v2,1,mobilenet_v2_sub_model_62,127.26256000436842,126.82690638676286,0.435653617605567,13.578521728515623,/home/pw/projects/zkinfer/results/no-cache/1_worker/group-size-1/mobilenet_v2/reports/job_report.csv
MobileNetV2,mobilenet_v2,1,mobilenet_v2_sub_model_63,7.6621742974966764,6.899790447205305,0.7623838502913713,8.765220642089844,/home/pw/projects/zkinfer/results/no-cache/1_worker/group-size-1/mobilenet_v2/reports/job_report.csv
MobileNetV2,mobilenet_v2,1,mobilenet_v2_sub_model_64,52.32869385369122,51.79930121451616,0.5293926391750574,9.26348114013672,/home/pw/projects/zkinfer/results/no-cache/1_worker/group-size-1/mobilenet_v2/reports/job_report.csv
MobileNetV2,mobilenet_v2,1,mobilenet_v2_sub_model_65,7.542243257164955,6.795681932941079,0.746561324223876,8.854976654052734,/home/pw/projects/zkinfer/results/no-cache/1_worker/group-size-1/mobilenet_v2/reports/job_report.csv
MobileNetV2,mobilenet_v2,1,mobilenet_v2_sub_model_66,50.71583684720099,50.37080992013216,0.3450269270688295,14.103885650634766,/home/pw/projects/zkinfer/results/no-cache/1_worker/group-size-1/mobilenet_v2/reports/job_report.csv
MobileNetV2,mobilenet_v2,1,mobilenet_v2_sub_model_67,1.6459735464304686,1.520828027278185,0.1251455191522836,8.849857330322266,/home/pw/projects/zkinfer/results/no-cache/1_worker/group-size-1/mobilenet_v2/reports/job_report.csv
MobileNetV2,mobilenet_v2,1,mobilenet_v2_sub_model_68,128.4764352813363,128.0987832546234,0.3776520267128944,14.161128997802734,/home/pw/projects/zkinfer/results/no-cache/1_worker/group-size-1/mobilenet_v2/reports/job_report.csv
MobileNetV2,mobilenet_v2,1,mobilenet_v2_sub_model_69,7.61440584436059,6.8486547768116,0.7657510675489902,8.84912109375,/home/pw/projects/zkinfer/results/no-cache/1_worker/group-size-1/mobilenet_v2/reports/job_report.csv
MobileNetV2,mobilenet_v2,1,mobilenet_v2_sub_model_70,53.23435864411295,52.71044840663672,0.5239102374762297,9.348857879638672,/home/pw/projects/zkinfer/results/no-cache/1_worker/group-size-1/mobilenet_v2/reports/job_report.csv
MobileNetV2,mobilenet_v2,1,mobilenet_v2_sub_model_71,7.650494758039713,6.889147870242596,0.7613468877971172,8.921031951904297,/home/pw/projects/zkinfer/results/no-cache/1_worker/group-size-1/mobilenet_v2/reports/job_report.csv
MobileNetV2,mobilenet_v2,1,mobilenet_v2_sub_model_72,51.111064746975906,50.7561072614044,0.3549574855715036,14.295421600341797,/home/pw/projects/zkinfer/results/no-cache/1_worker/group-size-1/mobilenet_v2/reports/job_report.csv
MobileNetV2,mobilenet_v2,1,mobilenet_v2_sub_model_73,1.6401654053479433,1.5202851723879576,0.1198802329599857,8.918510437011719,/home/pw/projects/zkinfer/results/no-cache/1_worker/group-size-1/mobilenet_v2/reports/job_report.csv
MobileNetV2,mobilenet_v2,1,mobilenet_v2_sub_model_74,127.97579413466156,127.52151164226234,0.4542824923992157,14.16997528076172,/home/pw/projects/zkinfer/results/no-cache/1_worker/group-size-1/mobilenet_v2/reports/job_report.csv
MobileNetV2,mobilenet_v2,1,mobilenet_v2_sub_model_75,7.52279869094491,6.771587412804365,0.7512112781405449,8.918876647949219,/home/pw/projects/zkinfer/results/no-cache/1_worker/group-size-1/mobilenet_v2/reports/job_report.csv
MobileNetV2,mobilenet_v2,1,mobilenet_v2_sub_model_76,16.370172953233123,16.061108198016882,0.3090647552162409,8.918750762939453,/home/pw/projects/zkinfer/results/no-cache/1_worker/group-size-1/mobilenet_v2/reports/job_report.csv
MobileNetV2,mobilenet_v2,1,mobilenet_v2_sub_model_77,4.155248619616032,3.935095299035311,0.2201533205807209,8.919273376464844,/home/pw/projects/zkinfer/results/no-cache/1_worker/group-size-1/mobilenet_v2/reports/job_report.csv
MobileNetV2,mobilenet_v2,1,mobilenet_v2_sub_model_78,22.15017115138471,22.01644318923354,0.1337279621511697,9.81093978881836,/home/pw/projects/zkinfer/results/no-cache/1_worker/group-size-1/mobilenet_v2/reports/job_report.csv
MobileNetV2,mobilenet_v2,1,mobilenet_v2_sub_model_79,60.192681482061744,59.98525898344815,0.2074224986135959,10.26553726196289,/home/pw/projects/zkinfer/results/no-cache/1_worker/group-size-1/mobilenet_v2/reports/job_report.csv
MobileNetV2,mobilenet_v2,1,mobilenet_v2_sub_model_80,4.472468681633472,4.126957131549716,0.3455115500837564,8.971126556396484,/home/pw/projects/zkinfer/results/no-cache/1_worker/group-size-1/mobilenet_v2/reports/job_report.csv
MobileNetV2,mobilenet_v2,1,mobilenet_v2_sub_model_81,23.207238797098398,22.961867980659008,0.2453708164393901,8.979137420654297,/home/pw/projects/zkinfer/results/no-cache/1_worker/group-size-1/mobilenet_v2/reports/job_report.csv
MobileNetV2,mobilenet_v2,1,mobilenet_v2_sub_model_82,6.600079471245408,6.247592316940427,0.3524871543049812,8.978904724121094,/home/pw/projects/zkinfer/results/no-cache/1_worker/group-size-1/mobilenet_v2/reports/job_report.csv
MobileNetV2,mobilenet_v2,1,mobilenet_v2_sub_model_83,27.50104527361691,27.316461980342865,0.184583293274045,9.853893280029297,/home/pw/projects/zkinfer/results/no-cache/1_worker/group-size-1/mobilenet_v2/reports/job_report.csv
MobileNetV2,mobilenet_v2,1,mobilenet_v2_sub_model_84,0.9892802238464355,0.9267659559845924,0.0625142678618431,8.980293273925781,/home/pw/projects/zkinfer/results/no-cache/1_worker/group-size-1/mobilenet_v2/reports/job_report.csv
MobileNetV2,mobilenet_v2,1,mobilenet_v2_sub_model_85,61.87642171792686,61.64652610383928,0.2298956140875816,9.980705261230469,/home/pw/projects/zkinfer/results/no-cache/1_worker/group-size-1/mobilenet_v2/reports/job_report.csv
MobileNetV2,mobilenet_v2,1,mobilenet_v2_sub_model_86,4.387189427390695,4.0473385360091925,0.3398508913815021,8.983165740966797,/home/pw/projects/zkinfer/results/no-cache/1_worker/group-size-1/mobilenet_v2/reports/job_report.csv
MobileNetV2,mobilenet_v2,1,mobilenet_v2_sub_model_87,23.500312037765983,23.254629408940676,0.2456826288253069,8.983158111572266,/home/pw/projects/zkinfer/results/no-cache/1_worker/group-size-1/mobilenet_v2/reports/job_report.csv
MobileNetV2,mobilenet_v2,1,mobilenet_v2_sub_model_88,18.08346688374877,17.743100633844733,0.3403662499040365,9.421977996826172,/home/pw/projects/zkinfer/results/no-cache/1_worker/group-size-1/mobilenet_v2/reports/job_report.csv
MobileNetV2,mobilenet_v2,1,mobilenet_v2_sub_model_89,27.19857119582593,27.00571536645293,0.192855829373002,10.320308685302734,/home/pw/projects/zkinfer/results/no-cache/1_worker/group-size-1/mobilenet_v2/reports/job_report.csv
MobileNetV2,mobilenet_v2,1,mobilenet_v2_sub_model_90,0.9461409207433462,0.8845155294984579,0.0616253912448883,9.006839752197266,/home/pw/projects/zkinfer/results/no-cache/1_worker/group-size-1/mobilenet_v2/reports/job_report.csv
MobileNetV2,mobilenet_v2,1,mobilenet_v2_sub_model_91,61.06775305792689,60.82992355898023,0.2378294989466667,9.882652282714844,/home/pw/projects/zkinfer/results/no-cache/1_worker/group-size-1/mobilenet_v2/reports/job_report.csv
MobileNetV2,mobilenet_v2,1,mobilenet_v2_sub_model_92,4.552067846059799,4.202103776857257,0.3499640692025423,9.023517608642578,/home/pw/projects/zkinfer/results/no-cache/1_worker/group-size-1/mobilenet_v2/reports/job_report.csv
MobileNetV2,mobilenet_v2,1,mobilenet_v2_sub_model_93,23.122737396508455,22.877083525061607,0.2456538714468479,9.02240753173828,/home/pw/projects/zkinfer/results/no-cache/1_worker/group-size-1/mobilenet_v2/reports/job_report.csv
MobileNetV2,mobilenet_v2,1,mobilenet_v2_sub_model_94,6.505746062844992,6.158818621188402,0.3469274416565895,9.022457122802734,/home/pw/projects/zkinfer/results/no-cache/1_worker/group-size-1/mobilenet_v2/reports/job_report.csv
MobileNetV2,mobilenet_v2,1,mobilenet_v2_sub_model_95,55.725214160978794,55.48955942504108,0.2356547359377145,13.835941314697266,/home/pw/projects/zkinfer/results/no-cache/1_worker/group-size-1/mobilenet_v2/reports/job_report.csv
MobileNetV2,mobilenet_v2,1,mobilenet_v2_sub_model_96,262.3798919506371,261.8080588039011,0.5718331467360258,45.26755905151367,/home/pw/projects/zkinfer/results/no-cache/1_worker/group-size-1/mobilenet_v2/reports/job_report.csv
MobileNetV2,mobilenet_v2,1,mobilenet_v2_sub_model_97,7.882398772984743,7.059836708009243,0.8225620649755001,9.01287841796875,/home/pw/projects/zkinfer/results/no-cache/1_worker/group-size-1/mobilenet_v2/reports/job_report.csv
MobileNetV2,mobilenet_v2,1,mobilenet_v2_sub_model_98,3.3221598397940397,3.074948312714696,0.2472115270793438,9.014320373535156,/home/pw/projects/zkinfer/results/no-cache/1_worker/group-size-1/mobilenet_v2/reports/job_report.csv
MobileNetV2,mobilenet_v2,1,mobilenet_v2_sub_model_99,0.6216981168836355,0.6032665893435478,0.0184315275400877,0.0,/home/pw/projects/zkinfer/results/no-cache/1_worker/group-size-1/mobilenet_v2/reports/job_report.csv
MobileNetV2,mobilenet_v2,1,mobilenet_v2_sub_model_100,19.565802266821265,19.159146113321185,0.4066561535000801,10.35504913330078,/home/pw/projects/zkinfer/results/no-cache/1_worker/group-size-1/mobilenet_v2/reports/job_report.csv
