op_count_g,time_aware_group_id,num_ops,first_op_idx,last_op_idx,group_time_s,group_peak_memory_gb_est_sum,group_peak_memory_gb_est_max,job_names
1,1,1,1,1,399.67422194220126,23.711090087890625,23.711090087890625,mobilenet_v2_sub_model_1
1,2,1,2,2,22.550449412316084,5.707603454589844,5.707603454589844,mobilenet_v2_sub_model_2
1,3,1,3,3,190.91123869083822,13.235649108886719,13.235649108886719,mobilenet_v2_sub_model_3
1,4,1,4,4,24.92358773946762,6.213420867919922,6.213420867919922,mobilenet_v2_sub_model_4
1,5,1,5,5,145.11151876859367,7.729244232177734,7.729244232177734,mobilenet_v2_sub_model_5
1,6,1,8,8,149.25399302318692,15.285148620605469,15.285148620605469,mobilenet_v2_sub_model_8
1,7,1,9,9,21.52093225158751,12.665264129638672,12.665264129638672,mobilenet_v2_sub_model_9
1,8,1,10,10,123.8800199907273,13.934524536132812,13.934524536132812,mobilenet_v2_sub_model_10
1,9,1,11,11,454.98756063356996,25.070873260498047,25.070873260498047,mobilenet_v2_sub_model_11
1,10,1,12,12,41.64965530112386,10.672889709472656,10.672889709472656,mobilenet_v2_sub_model_12
1,11,1,13,13,305.8122110776603,26.27075958251953,26.27075958251953,mobilenet_v2_sub_model_13
1,12,1,14,14,42.69314934313297,10.637760162353516,10.637760162353516,mobilenet_v2_sub_model_14
1,13,1,15,15,168.22418362647295,24.565471649169922,24.565471649169922,mobilenet_v2_sub_model_15
1,14,1,16,16,4.144616633653641,8.316020965576172,8.316020965576172,mobilenet_v2_sub_model_16
1,15,1,17,17,447.1619139481336,24.447032928466797,24.447032928466797,mobilenet_v2_sub_model_17
1,16,1,18,18,42.304214453324676,10.699748992919922,10.699748992919922,mobilenet_v2_sub_model_18
1,17,1,19,19,76.45181535370648,9.357837677001953,9.357837677001953,mobilenet_v2_sub_model_19
1,18,1,20,20,12.180485168471932,8.364643096923828,8.364643096923828,mobilenet_v2_sub_model_20
1,19,1,21,21,39.10766655392945,9.291252136230469,9.291252136230469,mobilenet_v2_sub_model_21
1,20,1,22,22,109.41017912514508,9.321723937988281,9.321723937988281,mobilenet_v2_sub_model_22
1,21,1,23,23,11.727696301415563,8.414810180664062,8.414810180664062,mobilenet_v2_sub_model_23
1,22,1,24,24,74.75987492315471,9.93880844116211,9.93880844116211,mobilenet_v2_sub_model_24
1,23,1,25,25,11.98024346679449,8.413806915283203,8.413806915283203,mobilenet_v2_sub_model_25
1,24,1,26,26,39.46071615628898,9.332664489746094,9.332664489746094,mobilenet_v2_sub_model_26
1,25,1,27,27,1.6645172573626041,8.44644546508789,8.44644546508789,mobilenet_v2_sub_model_27
1,26,1,28,28,106.53107063286006,9.353240966796875,9.353240966796875,mobilenet_v2_sub_model_28
1,27,1,29,29,12.067036664113402,8.526142120361328,8.526142120361328,mobilenet_v2_sub_model_29
1,28,1,30,30,74.30287135019898,9.4967041015625,9.4967041015625,mobilenet_v2_sub_model_30
1,29,1,31,31,12.206650098785758,8.519126892089844,8.519126892089844,mobilenet_v2_sub_model_31
1,30,1,32,32,40.07707108184695,9.375473022460938,9.375473022460938,mobilenet_v2_sub_model_32
1,31,1,33,33,1.8975967559963465,8.512752532958984,8.512752532958984,mobilenet_v2_sub_model_33
1,32,1,34,34,108.6847748439759,9.420665740966797,9.420665740966797,mobilenet_v2_sub_model_34
1,33,1,35,35,11.598792416974902,8.514415740966797,8.514415740966797,mobilenet_v2_sub_model_35
1,34,1,36,36,19.97222336754203,8.525279998779297,8.525279998779297,mobilenet_v2_sub_model_36
1,35,1,37,37,4.261732451617718,8.52535629272461,8.52535629272461,mobilenet_v2_sub_model_37
1,36,1,38,38,20.88679201155901,8.965293884277344,8.965293884277344,mobilenet_v2_sub_model_38
1,37,1,39,39,74.19649175181985,9.490253448486328,9.490253448486328,mobilenet_v2_sub_model_39
1,38,1,40,40,6.8250437173992395,8.632133483886719,8.632133483886719,mobilenet_v2_sub_model_40
1,39,1,41,41,34.46090629324317,8.640457153320312,8.640457153320312,mobilenet_v2_sub_model_41
1,40,1,42,42,10.824215533211827,8.642280578613281,8.642280578613281,mobilenet_v2_sub_model_42
1,41,1,43,43,27.8376360591501,9.519878387451172,9.519878387451172,mobilenet_v2_sub_model_43
1,42,1,44,44,1.2442102450877428,8.659503936767578,8.659503936767578,mobilenet_v2_sub_model_44
1,43,1,45,45,72.21491721644998,9.564838409423828,9.564838409423828,mobilenet_v2_sub_model_45
1,44,1,46,46,7.0382744036614895,8.70449447631836,8.70449447631836,mobilenet_v2_sub_model_46
1,45,1,47,47,34.30821064859629,8.704212188720703,8.704212188720703,mobilenet_v2_sub_model_47
1,46,1,48,48,6.961917651817203,8.703693389892578,8.703693389892578,mobilenet_v2_sub_model_48
1,47,1,49,49,27.458860386162996,9.57904052734375,9.57904052734375,mobilenet_v2_sub_model_49
1,48,1,50,50,1.2241227366030216,8.718196868896484,8.718196868896484,mobilenet_v2_sub_model_50
1,49,1,51,51,72.21801137365401,9.593521118164062,9.593521118164062,mobilenet_v2_sub_model_51
1,50,1,52,52,7.055307334288955,8.718143463134766,8.718143463134766,mobilenet_v2_sub_model_52
1,51,1,53,53,34.867368998005986,8.733505249023438,8.733505249023438,mobilenet_v2_sub_model_53
1,52,1,54,54,7.112963093444705,8.73349380493164,8.73349380493164,mobilenet_v2_sub_model_54
1,53,1,55,55,27.05958692356944,9.641105651855469,9.641105651855469,mobilenet_v2_sub_model_55
1,54,1,56,56,1.2002646569162607,8.732410430908203,8.732410430908203,mobilenet_v2_sub_model_56
1,55,1,57,57,72.66371483542025,9.608917236328125,9.608917236328125,mobilenet_v2_sub_model_57
1,56,1,58,58,7.068263690918684,8.758968353271484,8.758968353271484,mobilenet_v2_sub_model_58
1,57,1,59,59,34.84716587327421,8.761878967285156,8.761878967285156,mobilenet_v2_sub_model_59
1,58,1,60,60,7.050842367112637,8.762687683105469,8.762687683105469,mobilenet_v2_sub_model_60
1,59,1,61,61,32.99217789247632,9.672008514404297,9.672008514404297,mobilenet_v2_sub_model_61
1,60,1,62,62,127.26256000436842,13.578521728515625,13.578521728515625,mobilenet_v2_sub_model_62
1,61,1,63,63,7.6621742974966764,8.765220642089844,8.765220642089844,mobilenet_v2_sub_model_63
1,62,1,64,64,52.32869385369122,9.263481140136719,9.263481140136719,mobilenet_v2_sub_model_64
1,63,1,65,65,7.542243257164955,8.854976654052734,8.854976654052734,mobilenet_v2_sub_model_65
1,64,1,66,66,50.71583684720099,14.103885650634766,14.103885650634766,mobilenet_v2_sub_model_66
1,65,1,67,67,1.6459735464304686,8.849857330322266,8.849857330322266,mobilenet_v2_sub_model_67
1,66,1,68,68,128.4764352813363,14.161128997802734,14.161128997802734,mobilenet_v2_sub_model_68
1,67,1,69,69,7.61440584436059,8.84912109375,8.84912109375,mobilenet_v2_sub_model_69
1,68,1,70,70,53.234358644112945,9.348857879638672,9.348857879638672,mobilenet_v2_sub_model_70
1,69,1,71,71,7.650494758039713,8.921031951904297,8.921031951904297,mobilenet_v2_sub_model_71
1,70,1,72,72,51.1110647469759,14.295421600341797,14.295421600341797,mobilenet_v2_sub_model_72
1,71,1,73,73,1.6401654053479433,8.918510437011719,8.918510437011719,mobilenet_v2_sub_model_73
1,72,1,74,74,127.97579413466156,14.169975280761719,14.169975280761719,mobilenet_v2_sub_model_74
1,73,1,75,75,7.52279869094491,8.918876647949219,8.918876647949219,mobilenet_v2_sub_model_75
1,74,1,76,76,16.370172953233123,8.918750762939453,8.918750762939453,mobilenet_v2_sub_model_76
1,75,1,77,77,4.155248619616032,8.919273376464844,8.919273376464844,mobilenet_v2_sub_model_77
1,76,1,78,78,22.15017115138471,9.81093978881836,9.81093978881836,mobilenet_v2_sub_model_78
1,77,1,79,79,60.192681482061744,10.26553726196289,10.26553726196289,mobilenet_v2_sub_model_79
1,78,1,80,80,4.472468681633472,8.971126556396484,8.971126556396484,mobilenet_v2_sub_model_80
1,79,1,81,81,23.207238797098398,8.979137420654297,8.979137420654297,mobilenet_v2_sub_model_81
1,80,1,82,82,6.600079471245408,8.978904724121094,8.978904724121094,mobilenet_v2_sub_model_82
1,81,1,83,83,27.50104527361691,9.853893280029297,9.853893280029297,mobilenet_v2_sub_model_83
1,82,1,84,84,0.9892802238464355,8.980293273925781,8.980293273925781,mobilenet_v2_sub_model_84
1,83,1,85,85,61.87642171792686,9.980705261230469,9.980705261230469,mobilenet_v2_sub_model_85
1,84,1,86,86,4.387189427390695,8.983165740966797,8.983165740966797,mobilenet_v2_sub_model_86
1,85,1,87,87,23.50031203776598,8.983158111572266,8.983158111572266,mobilenet_v2_sub_model_87
1,86,1,88,88,18.08346688374877,9.421977996826172,9.421977996826172,mobilenet_v2_sub_model_88
1,87,1,89,89,27.198571195825934,10.320308685302734,10.320308685302734,mobilenet_v2_sub_model_89
1,88,1,90,90,0.9461409207433462,9.006839752197266,9.006839752197266,mobilenet_v2_sub_model_90
1,89,1,91,91,61.06775305792689,9.882652282714844,9.882652282714844,mobilenet_v2_sub_model_91
1,90,1,92,92,4.552067846059799,9.023517608642578,9.023517608642578,mobilenet_v2_sub_model_92
1,91,1,93,93,23.122737396508455,9.022407531738281,9.022407531738281,mobilenet_v2_sub_model_93
1,92,1,94,94,6.505746062844992,9.022457122802734,9.022457122802734,mobilenet_v2_sub_model_94
1,93,1,95,95,55.725214160978794,13.835941314697266,13.835941314697266,mobilenet_v2_sub_model_95
1,94,1,96,96,262.3798919506371,45.26755905151367,45.26755905151367,mobilenet_v2_sub_model_96
1,95,1,97,97,7.882398772984743,9.01287841796875,9.01287841796875,mobilenet_v2_sub_model_97
1,96,1,98,98,3.3221598397940397,9.014320373535156,9.014320373535156,mobilenet_v2_sub_model_98
1,97,1,99,99,0.6216981168836355,0.0,0.0,mobilenet_v2_sub_model_99
1,98,1,100,100,19.565802266821265,10.355049133300781,10.355049133300781,mobilenet_v2_sub_model_100
2,1,1,1,1,399.67422194220126,23.711090087890625,23.711090087890625,mobilenet_v2_sub_model_1
2,2,1,2,2,22.550449412316084,5.707603454589844,5.707603454589844,mobilenet_v2_sub_model_2
2,3,1,3,3,190.91123869083822,13.235649108886719,13.235649108886719,mobilenet_v2_sub_model_3
2,4,2,4,5,170.0351065080613,13.942665100097656,7.729244232177734,mobilenet_v2_sub_model_4;mobilenet_v2_sub_model_5
2,5,1,8,8,149.25399302318692,15.285148620605469,15.285148620605469,mobilenet_v2_sub_model_8
2,6,2,9,10,145.40095224231482,26.599788665771484,13.934524536132812,mobilenet_v2_sub_model_9;mobilenet_v2_sub_model_10
2,7,1,11,11,454.98756063356996,25.070873260498047,25.070873260498047,mobilenet_v2_sub_model_11
2,8,1,12,12,41.64965530112386,10.672889709472656,10.672889709472656,mobilenet_v2_sub_model_12
2,9,1,13,13,305.8122110776603,26.27075958251953,26.27075958251953,mobilenet_v2_sub_model_13
2,10,1,14,14,42.69314934313297,10.637760162353516,10.637760162353516,mobilenet_v2_sub_model_14
2,11,1,15,15,168.22418362647295,24.565471649169922,24.565471649169922,mobilenet_v2_sub_model_15
2,12,1,16,16,4.144616633653641,8.316020965576172,8.316020965576172,mobilenet_v2_sub_model_16
2,13,1,17,17,447.1619139481336,24.447032928466797,24.447032928466797,mobilenet_v2_sub_model_17
2,14,2,18,19,118.75602980703115,20.057586669921875,10.699748992919922,mobilenet_v2_sub_model_18;mobilenet_v2_sub_model_19
2,15,3,20,22,160.69833084754646,26.977619171142578,9.321723937988281,mobilenet_v2_sub_model_20;mobilenet_v2_sub_model_21;mobilenet_v2_sub_model_22
2,16,3,23,25,98.46781469136477,26.767425537109375,9.93880844116211,mobilenet_v2_sub_model_23;mobilenet_v2_sub_model_24;mobilenet_v2_sub_model_25
2,17,3,26,28,147.65630404651165,27.13235092163086,9.353240966796875,mobilenet_v2_sub_model_26;mobilenet_v2_sub_model_27;mobilenet_v2_sub_model_28
2,18,3,29,31,98.57655811309814,26.541973114013672,9.4967041015625,mobilenet_v2_sub_model_29;mobilenet_v2_sub_model_30;mobilenet_v2_sub_model_31
2,19,3,32,34,150.6594426818192,27.30889129638672,9.420665740966797,mobilenet_v2_sub_model_32;mobilenet_v2_sub_model_33;mobilenet_v2_sub_model_34
2,20,5,35,39,130.9160319995135,44.020599365234375,9.490253448486328,mobilenet_v2_sub_model_35;mobilenet_v2_sub_model_36;mobilenet_v2_sub_model_37;mobilenet_v2_sub_model_38;mobilenet_v2_sub_model_39
2,21,5,40,44,81.19201184809208,44.09425354003906,9.519878387451172,mobilenet_v2_sub_model_40;mobilenet_v2_sub_model_41;mobilenet_v2_sub_model_42;mobilenet_v2_sub_model_43;mobilenet_v2_sub_model_44
2,22,3,45,47,113.56140226870775,26.97354507446289,9.564838409423828,mobilenet_v2_sub_model_45;mobilenet_v2_sub_model_46;mobilenet_v2_sub_model_47
2,23,4,48,51,107.86291214823723,36.594451904296875,9.593521118164062,mobilenet_v2_sub_model_48;mobilenet_v2_sub_model_49;mobilenet_v2_sub_model_50;mobilenet_v2_sub_model_51
2,24,5,52,56,77.29549100622535,44.558658599853516,9.641105651855469,mobilenet_v2_sub_model_52;mobilenet_v2_sub_model_53;mobilenet_v2_sub_model_54;mobilenet_v2_sub_model_55;mobilenet_v2_sub_model_56
2,25,3,57,59,114.57914439961314,27.129764556884766,9.608917236328125,mobilenet_v2_sub_model_57;mobilenet_v2_sub_model_58;mobilenet_v2_sub_model_59
2,26,3,60,62,167.30558026395738,32.01321792602539,13.578521728515625,mobilenet_v2_sub_model_60;mobilenet_v2_sub_model_61;mobilenet_v2_sub_model_62
2,27,4,63,66,118.24894825555384,40.98756408691406,14.103885650634766,mobilenet_v2_sub_model_63;mobilenet_v2_sub_model_64;mobilenet_v2_sub_model_65;mobilenet_v2_sub_model_66
2,28,2,67,68,130.12240882776678,23.010986328125,14.161128997802734,mobilenet_v2_sub_model_67;mobilenet_v2_sub_model_68
2,29,4,69,72,119.61032399348915,41.414432525634766,14.295421600341797,mobilenet_v2_sub_model_69;mobilenet_v2_sub_model_70;mobilenet_v2_sub_model_71;mobilenet_v2_sub_model_72
2,30,2,73,74,129.6159595400095,23.088485717773438,14.169975280761719,mobilenet_v2_sub_model_73;mobilenet_v2_sub_model_74
2,31,5,75,79,110.39107289724052,46.833377838134766,10.26553726196289,mobilenet_v2_sub_model_75;mobilenet_v2_sub_model_76;mobilenet_v2_sub_model_77;mobilenet_v2_sub_model_78;mobilenet_v2_sub_model_79
2,32,4,80,83,61.78083222359419,36.78306198120117,9.853893280029297,mobilenet_v2_sub_model_80;mobilenet_v2_sub_model_81;mobilenet_v2_sub_model_82;mobilenet_v2_sub_model_83
2,33,1,84,84,0.9892802238464355,8.980293273925781,8.980293273925781,mobilenet_v2_sub_model_84
2,34,1,85,85,61.87642171792686,9.980705261230469,9.980705261230469,mobilenet_v2_sub_model_85
2,35,1,86,86,4.387189427390695,8.983165740966797,8.983165740966797,mobilenet_v2_sub_model_86
2,36,1,87,87,23.50031203776598,8.983158111572266,8.983158111572266,mobilenet_v2_sub_model_87
2,37,1,88,88,18.08346688374877,9.421977996826172,9.421977996826172,mobilenet_v2_sub_model_88
2,38,1,89,89,27.198571195825934,10.320308685302734,10.320308685302734,mobilenet_v2_sub_model_89
2,39,1,90,90,0.9461409207433462,9.006839752197266,9.006839752197266,mobilenet_v2_sub_model_90
2,40,1,91,91,61.06775305792689,9.882652282714844,9.882652282714844,mobilenet_v2_sub_model_91
2,41,1,92,92,4.552067846059799,9.023517608642578,9.023517608642578,mobilenet_v2_sub_model_92
2,42,1,93,93,23.122737396508455,9.022407531738281,9.022407531738281,mobilenet_v2_sub_model_93
2,43,1,94,94,6.505746062844992,9.022457122802734,9.022457122802734,mobilenet_v2_sub_model_94
2,44,1,95,95,55.725214160978794,13.835941314697266,13.835941314697266,mobilenet_v2_sub_model_95
2,45,1,96,96,262.3798919506371,45.26755905151367,45.26755905151367,mobilenet_v2_sub_model_96
2,46,1,97,97,7.882398772984743,9.01287841796875,9.01287841796875,mobilenet_v2_sub_model_97
2,47,1,98,98,3.3221598397940397,9.014320373535156,9.014320373535156,mobilenet_v2_sub_model_98
2,48,1,99,99,0.6216981168836355,0.0,0.0,mobilenet_v2_sub_model_99
2,49,1,100,100,19.565802266821265,10.355049133300781,10.355049133300781,mobilenet_v2_sub_model_100
4,1,1,1,1,399.67422194220126,23.711090087890625,23.711090087890625,mobilenet_v2_sub_model_1
4,2,2,2,3,213.4616881031543,18.943252563476562,13.235649108886719,mobilenet_v2_sub_model_2;mobilenet_v2_sub_model_3
4,3,2,4,5,170.0351065080613,13.942665100097656,7.729244232177734,mobilenet_v2_sub_model_4;mobilenet_v2_sub_model_5
4,4,2,8,9,170.77492527477443,27.95041275024414,15.285148620605469,mobilenet_v2_sub_model_8;mobilenet_v2_sub_model_9
4,5,1,10,10,123.8800199907273,13.934524536132812,13.934524536132812,mobilenet_v2_sub_model_10
4,6,1,11,11,454.98756063356996,25.070873260498047,25.070873260498047,mobilenet_v2_sub_model_11
4,7,2,12,13,347.4618663787842,36.94364929199219,26.27075958251953,mobilenet_v2_sub_model_12;mobilenet_v2_sub_model_13
4,8,3,14,16,215.06194960325956,43.51925277709961,24.565471649169922,mobilenet_v2_sub_model_14;mobilenet_v2_sub_model_15;mobilenet_v2_sub_model_16
4,9,1,17,17,447.1619139481336,24.447032928466797,24.447032928466797,mobilenet_v2_sub_model_17
4,10,4,18,21,170.04418152943254,37.71348190307617,10.699748992919922,mobilenet_v2_sub_model_18;mobilenet_v2_sub_model_19;mobilenet_v2_sub_model_20;mobilenet_v2_sub_model_21
4,11,4,22,25,207.87799381650984,36.089149475097656,9.93880844116211,mobilenet_v2_sub_model_22;mobilenet_v2_sub_model_23;mobilenet_v2_sub_model_24;mobilenet_v2_sub_model_25
4,12,5,26,30,234.02621206082404,45.15519714355469,9.4967041015625,mobilenet_v2_sub_model_26;mobilenet_v2_sub_model_27;mobilenet_v2_sub_model_28;mobilenet_v2_sub_model_29;mobilenet_v2_sub_model_30
4,13,8,31,38,219.58563302829862,70.35836410522461,9.420665740966797,mobilenet_v2_sub_model_31;mobilenet_v2_sub_model_32;mobilenet_v2_sub_model_33;mobilenet_v2_sub_model_34;mobilenet_v2_sub_model_35;mobilenet_v2_sub_model_36;mobilenet_v2_sub_model_37;mobilenet_v2_sub_model_38
4,14,7,39,45,227.6034208163619,63.14934539794922,9.564838409423828,mobilenet_v2_sub_model_39;mobilenet_v2_sub_model_40;mobilenet_v2_sub_model_41;mobilenet_v2_sub_model_42;mobilenet_v2_sub_model_43;mobilenet_v2_sub_model_44;mobilenet_v2_sub_model_45
4,15,10,46,55,225.3046235498041,89.82940673828125,9.641105651855469,mobilenet_v2_sub_model_46;mobilenet_v2_sub_model_47;mobilenet_v2_sub_model_48;mobilenet_v2_sub_model_49;mobilenet_v2_sub_model_50;mobilenet_v2_sub_model_51;mobilenet_v2_sub_model_52;mobilenet_v2_sub_model_53;mobilenet_v2_sub_model_54;mobilenet_v2_sub_model_55
4,16,6,56,61,155.82242931611836,54.296871185302734,9.672008514404297,mobilenet_v2_sub_model_56;mobilenet_v2_sub_model_57;mobilenet_v2_sub_model_58;mobilenet_v2_sub_model_59;mobilenet_v2_sub_model_60;mobilenet_v2_sub_model_61
4,17,4,62,65,194.79567141272128,40.46220016479492,13.578521728515625,mobilenet_v2_sub_model_62;mobilenet_v2_sub_model_63;mobilenet_v2_sub_model_64;mobilenet_v2_sub_model_65
4,18,4,66,69,188.45265151932836,45.963993072509766,14.161128997802734,mobilenet_v2_sub_model_66;mobilenet_v2_sub_model_67;mobilenet_v2_sub_model_68;mobilenet_v2_sub_model_69
4,19,5,70,74,241.61187768913805,55.6537971496582,14.295421600341797,mobilenet_v2_sub_model_70;mobilenet_v2_sub_model_71;mobilenet_v2_sub_model_72;mobilenet_v2_sub_model_73;mobilenet_v2_sub_model_74
4,20,11,75,85,235.037607062608,102.57743835449219,10.26553726196289,mobilenet_v2_sub_model_75;mobilenet_v2_sub_model_76;mobilenet_v2_sub_model_77;mobilenet_v2_sub_model_78;mobilenet_v2_sub_model_79;mobilenet_v2_sub_model_80;mobilenet_v2_sub_model_81;mobilenet_v2_sub_model_82;mobilenet_v2_sub_model_83;mobilenet_v2_sub_model_84;mobilenet_v2_sub_model_85
4,21,10,86,95,225.08919898979366,97.50242614746094,13.835941314697266,mobilenet_v2_sub_model_86;mobilenet_v2_sub_model_87;mobilenet_v2_sub_model_88;mobilenet_v2_sub_model_89;mobilenet_v2_sub_model_90;mobilenet_v2_sub_model_91;mobilenet_v2_sub_model_92;mobilenet_v2_sub_model_93;mobilenet_v2_sub_model_94;mobilenet_v2_sub_model_95
4,22,1,96,96,262.3798919506371,45.26755905151367,45.26755905151367,mobilenet_v2_sub_model_96
4,23,2,97,98,11.204558612778783,18.027198791503906,9.014320373535156,mobilenet_v2_sub_model_97;mobilenet_v2_sub_model_98
4,24,1,99,99,0.6216981168836355,0.0,0.0,mobilenet_v2_sub_model_99
4,25,1,100,100,19.565802266821265,10.355049133300781,10.355049133300781,mobilenet_v2_sub_model_100
8,1,2,1,2,422.22467135451734,29.41869354248047,23.711090087890625,mobilenet_v2_sub_model_1;mobilenet_v2_sub_model_2
8,2,3,3,5,360.9463451988995,27.178314208984375,13.235649108886719,mobilenet_v2_sub_model_3;mobilenet_v2_sub_model_4;mobilenet_v2_sub_model_5
8,3,3,8,10,294.65494526550174,41.88493728637695,15.285148620605469,mobilenet_v2_sub_model_8;mobilenet_v2_sub_model_9;mobilenet_v2_sub_model_10
8,4,1,11,11,454.98756063356996,25.070873260498047,25.070873260498047,mobilenet_v2_sub_model_11
8,5,3,12,14,390.15501572191715,47.5814094543457,26.27075958251953,mobilenet_v2_sub_model_12;mobilenet_v2_sub_model_13;mobilenet_v2_sub_model_14
8,6,3,15,17,619.5307142082602,57.32852554321289,24.565471649169922,mobilenet_v2_sub_model_15;mobilenet_v2_sub_model_16;mobilenet_v2_sub_model_17
8,7,9,18,26,417.38289150223136,83.13529586791992,10.699748992919922,mobilenet_v2_sub_model_18;mobilenet_v2_sub_model_19;mobilenet_v2_sub_model_20;mobilenet_v2_sub_model_21;mobilenet_v2_sub_model_22;mobilenet_v2_sub_model_23;mobilenet_v2_sub_model_24;mobilenet_v2_sub_model_25;mobilenet_v2_sub_model_26
8,8,12,27,38,414.15112893283367,106.1808967590332,9.4967041015625,mobilenet_v2_sub_model_27;mobilenet_v2_sub_model_28;mobilenet_v2_sub_model_29;mobilenet_v2_sub_model_30;mobilenet_v2_sub_model_31;mobilenet_v2_sub_model_32;mobilenet_v2_sub_model_33;mobilenet_v2_sub_model_34;mobilenet_v2_sub_model_35;mobilenet_v2_sub_model_36;mobilenet_v2_sub_model_37;mobilenet_v2_sub_model_38
8,9,15,39,53,418.73549434915185,134.60415267944336,9.593521118164062,mobilenet_v2_sub_model_39;mobilenet_v2_sub_model_40;mobilenet_v2_sub_model_41;mobilenet_v2_sub_model_42;mobilenet_v2_sub_model_43;mobilenet_v2_sub_model_44;mobilenet_v2_sub_model_45;mobilenet_v2_sub_model_46;mobilenet_v2_sub_model_47;mobilenet_v2_sub_model_48;mobilenet_v2_sub_model_49;mobilenet_v2_sub_model_50;mobilenet_v2_sub_model_51;mobilenet_v2_sub_model_52;mobilenet_v2_sub_model_53
8,10,13,54,66,435.50648759305477,127.23755645751953,14.103885650634766,mobilenet_v2_sub_model_54;mobilenet_v2_sub_model_55;mobilenet_v2_sub_model_56;mobilenet_v2_sub_model_57;mobilenet_v2_sub_model_58;mobilenet_v2_sub_model_59;mobilenet_v2_sub_model_60;mobilenet_v2_sub_model_61;mobilenet_v2_sub_model_62;mobilenet_v2_sub_model_63;mobilenet_v2_sub_model_64;mobilenet_v2_sub_model_65;mobilenet_v2_sub_model_66
8,11,11,67,77,407.3969126250595,114.27080535888672,14.295421600341797,mobilenet_v2_sub_model_67;mobilenet_v2_sub_model_68;mobilenet_v2_sub_model_69;mobilenet_v2_sub_model_70;mobilenet_v2_sub_model_71;mobilenet_v2_sub_model_72;mobilenet_v2_sub_model_73;mobilenet_v2_sub_model_74;mobilenet_v2_sub_model_75;mobilenet_v2_sub_model_76;mobilenet_v2_sub_model_77
8,12,18,78,95,432.0785857886076,173.3229637145996,13.835941314697266,mobilenet_v2_sub_model_78;mobilenet_v2_sub_model_79;mobilenet_v2_sub_model_80;mobilenet_v2_sub_model_81;mobilenet_v2_sub_model_82;mobilenet_v2_sub_model_83;mobilenet_v2_sub_model_84;mobilenet_v2_sub_model_85;mobilenet_v2_sub_model_86;mobilenet_v2_sub_model_87;mobilenet_v2_sub_model_88;mobilenet_v2_sub_model_89;mobilenet_v2_sub_model_90;mobilenet_v2_sub_model_91;mobilenet_v2_sub_model_92;mobilenet_v2_sub_model_93;mobilenet_v2_sub_model_94;mobilenet_v2_sub_model_95
8,13,5,96,100,293.7719509471208,73.64980697631836,45.26755905151367,mobilenet_v2_sub_model_96;mobilenet_v2_sub_model_97;mobilenet_v2_sub_model_98;mobilenet_v2_sub_model_99;mobilenet_v2_sub_model_100
|V|,1,98,1,100,5361.522704120725,1040.8642311096191,45.26755905151367,mobilenet_v2_sub_model_1;mobilenet_v2_sub_model_2;mobilenet_v2_sub_model_3;mobilenet_v2_sub_model_4;mobilenet_v2_sub_model_5;mobilenet_v2_sub_model_8;mobilenet_v2_sub_model_9;mobilenet_v2_sub_model_10;mobilenet_v2_sub_model_11;mobilenet_v2_sub_model_12;mobilenet_v2_sub_model_13;mobilenet_v2_sub_model_14;mobilenet_v2_sub_model_15;mobilenet_v2_sub_model_16;mobilenet_v2_sub_model_17;mobilenet_v2_sub_model_18;mobilenet_v2_sub_model_19;mobilenet_v2_sub_model_20;mobilenet_v2_sub_model_21;mobilenet_v2_sub_model_22;mobilenet_v2_sub_model_23;mobilenet_v2_sub_model_24;mobilenet_v2_sub_model_25;mobilenet_v2_sub_model_26;mobilenet_v2_sub_model_27;mobilenet_v2_sub_model_28;mobilenet_v2_sub_model_29;mobilenet_v2_sub_model_30;mobilenet_v2_sub_model_31;mobilenet_v2_sub_model_32;mobilenet_v2_sub_model_33;mobilenet_v2_sub_model_34;mobilenet_v2_sub_model_35;mobilenet_v2_sub_model_36;mobilenet_v2_sub_model_37;mobilenet_v2_sub_model_38;mobilenet_v2_sub_model_39;mobilenet_v2_sub_model_40;mobilenet_v2_sub_model_41;mobilenet_v2_sub_model_42;mobilenet_v2_sub_model_43;mobilenet_v2_sub_model_44;mobilenet_v2_sub_model_45;mobilenet_v2_sub_model_46;mobilenet_v2_sub_model_47;mobilenet_v2_sub_model_48;mobilenet_v2_sub_model_49;mobilenet_v2_sub_model_50;mobilenet_v2_sub_model_51;mobilenet_v2_sub_model_52;mobilenet_v2_sub_model_53;mobilenet_v2_sub_model_54;mobilenet_v2_sub_model_55;mobilenet_v2_sub_model_56;mobilenet_v2_sub_model_57;mobilenet_v2_sub_model_58;mobilenet_v2_sub_model_59;mobilenet_v2_sub_model_60;mobilenet_v2_sub_model_61;mobilenet_v2_sub_model_62;mobilenet_v2_sub_model_63;mobilenet_v2_sub_model_64;mobilenet_v2_sub_model_65;mobilenet_v2_sub_model_66;mobilenet_v2_sub_model_67;mobilenet_v2_sub_model_68;mobilenet_v2_sub_model_69;mobilenet_v2_sub_model_70;mobilenet_v2_sub_model_71;mobilenet_v2_sub_model_72;mobilenet_v2_sub_model_73;mobilenet_v2_sub_model_74;mobilenet_v2_sub_model_75;mobilenet_v2_sub_model_76;mobilenet_v2_sub_model_77;mobilenet_v2_sub_model_78;mobilenet_v2_sub_model_79;mobilenet_v2_sub_model_80;mobilenet_v2_sub_model_81;mobilenet_v2_sub_model_82;mobilenet_v2_sub_model_83;mobilenet_v2_sub_model_84;mobilenet_v2_sub_model_85;mobilenet_v2_sub_model_86;mobilenet_v2_sub_model_87;mobilenet_v2_sub_model_88;mobilenet_v2_sub_model_89;mobilenet_v2_sub_model_90;mobilenet_v2_sub_model_91;mobilenet_v2_sub_model_92;mobilenet_v2_sub_model_93;mobilenet_v2_sub_model_94;mobilenet_v2_sub_model_95;mobilenet_v2_sub_model_96;mobilenet_v2_sub_model_97;mobilenet_v2_sub_model_98;mobilenet_v2_sub_model_99;mobilenet_v2_sub_model_100
